[
  {
    "id": "e81467ca-45df-4bb9-b14c-674ee715df8a",
    "data": [
      {
        "text": "please",
        "userDefined": false
      }
    ],
    "isTemplate": false,
    "count": 0,
    "updated": 1536847255
  },
  {
    "id": "f7a7dd53-daf6-4231-a9c4-7560242d6be5",
    "data": [
      {
        "text": "sure",
        "userDefined": false
      }
    ],
    "isTemplate": false,
    "count": 0,
    "updated": 1536847255
  },
  {
    "id": "352ce5b3-781b-4f5a-8808-c7cd0428e556",
    "data": [
      {
        "text": "yep",
        "userDefined": false
      }
    ],
    "isTemplate": false,
    "count": 0,
    "updated": 1536847255
  },
  {
    "id": "01be5b2f-70e6-40ce-86c7-e713d477ebb1",
    "data": [
      {
        "text": "yes please",
        "userDefined": false
      }
    ],
    "isTemplate": false,
    "count": 0,
    "updated": 1536847255
  },
  {
    "id": "5887f7bd-d34c-4263-a70a-d3b57a40e49a",
    "data": [
      {
        "text": "yeah",
        "userDefined": false
      }
    ],
    "isTemplate": false,
    "count": 0,
    "updated": 1536847255
  },
  {
    "id": "9ef5e93e-4fc8-41e3-a075-07df75d5ede6",
    "data": [
      {
        "text": "ok",
        "userDefined": false
      }
    ],
    "isTemplate": false,
    "count": 0,
    "updated": 1536847255
  },
  {
    "id": "dabc2894-ca59-4211-ac88-ae9f68b90e2b",
    "data": [
      {
        "text": "affirmative",
        "userDefined": false
      }
    ],
    "isTemplate": false,
    "count": 0,
    "updated": 1536847255
  },
  {
    "id": "9a8145b5-e88d-448b-8741-b89db85ab1bb",
    "data": [
      {
        "text": "okay",
        "userDefined": false
      }
    ],
    "isTemplate": false,
    "count": 0,
    "updated": 1536847255
  },
  {
    "id": "652bd5fd-f9c6-43ba-9e9d-33ba01954ec1",
    "data": [
      {
        "text": "yes",
        "userDefined": false
      }
    ],
    "isTemplate": false,
    "count": 0,
    "updated": 1536847255
  }
]