[
  {
    "id": "c88eb489-8b2f-414f-b191-edf88ccf0530",
    "data": [
      {
        "text": "no",
        "userDefined": false
      }
    ],
    "isTemplate": false,
    "count": 0,
    "updated": 1536847185
  },
  {
    "id": "e37df653-6732-4362-8361-18c1ebe4f5cc",
    "data": [
      {
        "text": "nope",
        "userDefined": false
      }
    ],
    "isTemplate": false,
    "count": 0,
    "updated": 1536847185
  },
  {
    "id": "d7a42bba-668c-49fd-8af9-5642fbc0249a",
    "data": [
      {
        "text": "no thanks",
        "userDefined": false
      }
    ],
    "isTemplate": false,
    "count": 0,
    "updated": 1536847185
  }
]