[
  {
    "id": "12781a48-40a6-47cc-99c2-3da58b7c0a1d",
    "data": [
      {
        "text": "hey",
        "userDefined": false
      }
    ],
    "isTemplate": false,
    "count": 0,
    "updated": 1533623798
  },
  {
    "id": "36cb99cb-128c-48c5-ad07-f16feb5d045f",
    "data": [
      {
        "text": "heya",
        "userDefined": false
      }
    ],
    "isTemplate": false,
    "count": 0,
    "updated": 1533623798
  },
  {
    "id": "7aee07e4-f785-41ed-b2b8-6ebef8199d8a",
    "data": [
      {
        "text": "howdy",
        "userDefined": false
      }
    ],
    "isTemplate": false,
    "count": 0,
    "updated": 1533623798
  },
  {
    "id": "88e4b913-f8a2-406b-a7e2-3d3833578f2d",
    "data": [
      {
        "text": "hello hi",
        "userDefined": false
      }
    ],
    "isTemplate": false,
    "count": 0,
    "updated": 1533623798
  },
  {
    "id": "3a2bcacf-5bae-415d-b21a-689a551c9f17",
    "data": [
      {
        "text": "just going to say hi",
        "userDefined": false
      }
    ],
    "isTemplate": false,
    "count": 0,
    "updated": 1533623798
  },
  {
    "id": "18a4e2c8-e092-492b-a740-c7ba9e17a475",
    "data": [
      {
        "text": "hi",
        "userDefined": false
      }
    ],
    "isTemplate": false,
    "count": 0,
    "updated": 1533623798
  },
  {
    "id": "2b942a7b-1f59-4ba3-949d-fef85e3fbf81",
    "data": [
      {
        "text": "a good day",
        "userDefined": false
      }
    ],
    "isTemplate": false,
    "count": 0,
    "updated": 1533623798
  },
  {
    "id": "85c512f7-e301-4052-9699-d465e083b9c3",
    "data": [
      {
        "text": "I greet you",
        "userDefined": false
      }
    ],
    "isTemplate": false,
    "count": 0,
    "updated": 1533623798
  },
  {
    "id": "78b04c19-5328-4c53-acf4-da95b54172c3",
    "data": [
      {
        "text": "hi there",
        "userDefined": false
      }
    ],
    "isTemplate": false,
    "count": 1,
    "updated": 1533623798
  },
  {
    "id": "2b62b07f-30bd-42d7-8afc-f284cd07efa9",
    "data": [
      {
        "text": "hello",
        "userDefined": false
      }
    ],
    "isTemplate": false,
    "count": 0,
    "updated": 1533623798
  },
  {
    "id": "e50ba0ca-3e63-41f3-b595-869910a9dd4a",
    "data": [
      {
        "text": "hello again",
        "userDefined": false
      }
    ],
    "isTemplate": false,
    "count": 0,
    "updated": 1533623798
  },
  {
    "id": "67506a70-2cd6-4b1e-98f4-d0da0c8de2ef",
    "data": [
      {
        "text": "long time no see",
        "userDefined": false
      }
    ],
    "isTemplate": false,
    "count": 0,
    "updated": 1533623798
  },
  {
    "id": "c6818316-3470-4d2b-80b5-62361e25092e",
    "data": [
      {
        "text": "hello there",
        "userDefined": false
      }
    ],
    "isTemplate": false,
    "count": 0,
    "updated": 1533623798
  },
  {
    "id": "06a907e0-439f-4d72-8343-59c88da82b99",
    "data": [
      {
        "text": "greetings",
        "userDefined": false
      }
    ],
    "isTemplate": false,
    "count": 0,
    "updated": 1533623798
  },
  {
    "id": "a19957f1-6700-418a-8b42-d3608cf407ab",
    "data": [
      {
        "text": "lovely day isn\u0027t it",
        "userDefined": false
      }
    ],
    "isTemplate": false,
    "count": 0,
    "updated": 1533623798
  },
  {
    "id": "069e45a7-eb6b-40e1-8200-4d87b553791b",
    "data": [
      {
        "text": "hey there",
        "userDefined": false
      }
    ],
    "isTemplate": false,
    "count": 0,
    "updated": 1533623798
  }
]